{"cameraMode":{"drawMode":0,"name":"Shaded","section":"Shading Mode"},"sceneLighting":false,"audioPlay":false,"sceneViewState":{"showFog":false,"showMaterialUpdate":false,"showSkybox":false,"showFlares":false,"showImageEffects":false,"showParticleSystems":false,"showVisualEffectGraphs":true,"m_FxEnabled":true},"in2DMode":false,"pivot":{"x":-0.03228718042373657,"y":1.087454080581665,"z":0.12876534461975099},"rotation":{"x":-0.023257127031683923,"y":-0.9629851579666138,"z":0.08836192637681961,"w":-0.25350648164749148},"size":2.2667860984802248,"orthographic":false}