{"cameraMode":{"drawMode":0,"name":"Shaded","section":"Shading Mode"},"sceneLighting":false,"audioPlay":false,"sceneViewState":{"showFog":true,"showMaterialUpdate":true,"showSkybox":false,"showFlares":true,"showImageEffects":true,"showParticleSystems":true,"showVisualEffectGraphs":true,"m_FxEnabled":true},"in2DMode":false,"pivot":{"x":0.23105283081531526,"y":1.3078335523605347,"z":-30.2061824798584},"rotation":{"x":-0.020370230078697206,"y":-0.9764862060546875,"z":0.10736572742462158,"w":-0.18586839735507966},"size":1.1503121852874756,"orthographic":false}