{"cameraMode":{"drawMode":0,"name":"Shaded","section":"Shading Mode"},"sceneLighting":false,"audioPlay":false,"sceneViewState":{"showFog":true,"showMaterialUpdate":false,"showSkybox":false,"showFlares":true,"showImageEffects":true,"showParticleSystems":true,"showVisualEffectGraphs":true,"m_FxEnabled":true},"in2DMode":false,"pivot":{"x":0.4440000057220459,"y":0.04099997878074646,"z":0.3579999804496765},"rotation":{"x":0.25223931670188906,"y":0.004629333037883043,"z":-0.00128437508828938,"w":0.9676352739334106},"size":2.8858675956726076,"orthographic":false}